Performance,Gender,Caste,coaching,time,Class_ten_education,twelve_education,medium,Class_X_Percentage,Class_XII_Percentage,Father_occupation,Mother_occupation,Performance_Binary
Excellent,male,General,NO,ONE,SEBA,AHSEC,ENGLISH,Excellent,Excellent,DOCTOR,OTHERS,1
Excellent,male,OBC,WA,TWO,SEBA,AHSEC,OTHERS,Excellent,Excellent,SCHOOL_TEACHER,HOUSE_WIFE,1
Excellent,male,OBC,OA,TWO,OTHERS,CBSE,ENGLISH,Excellent,Excellent,BUSINESS,HOUSE_WIFE,1
Excellent,male,General,WA,ONE,SEBA,AHSEC,OTHERS,Excellent,Excellent,SCHOOL_TEACHER,SCHOOL_TEACHER,1
Excellent,male,General,OA,TWO,SEBA,CBSE,ENGLISH,Excellent,Excellent,COLLEGE_TEACHER,HOUSE_WIFE,1
Excellent,male,General,WA,TWO,CBSE,CBSE,ENGLISH,Excellent,Excellent,COLLEGE_TEACHER,HOUSE_WIFE,1
Excellent,female,General,OA,ONE,CBSE,CBSE,ENGLISH,Excellent,Excellent,DOCTOR,DOCTOR,1
Excellent,male,OBC,NO,ONE,SEBA,AHSEC,ENGLISH,Excellent,Excellent,OTHERS,HOUSE_WIFE,1
Excellent,female,General,NO,ONE,SEBA,AHSEC,ENGLISH,Excellent,Excellent,BUSINESS,HOUSE_WIFE,1
Excellent,female,General,OA,TWO,CBSE,CBSE,ENGLISH,Excellent,Excellent,COLLEGE_TEACHER,HOUSE_WIFE,1
Excellent,male,General,OA,ONE,CBSE,CBSE,ENGLISH,Excellent,Excellent,BUSINESS,HOUSE_WIFE,1
Excellent,male,General,NO,ONE,CBSE,CBSE,ENGLISH,Excellent,Excellent,DOCTOR,DOCTOR,1
Excellent,female,General,WA,TWO,SEBA,AHSEC,ENGLISH,Excellent,Excellent,BANK_OFFICIAL,SCHOOL_TEACHER,1
Excellent,male,General,NO,TWO,SEBA,AHSEC,ENGLISH,Excellent,Excellent,BUSINESS,HOUSE_WIFE,1
Excellent,male,General,WA,ONE,SEBA,CBSE,ENGLISH,Excellent,Excellent,OTHERS,HOUSE_WIFE,1
Excellent,male,General,WA,TWO,CBSE,CBSE,ENGLISH,Excellent,Excellent,OTHERS,HOUSE_WIFE,1
Excellent,male,General,NO,ONE,CBSE,CBSE,ENGLISH,Excellent,Excellent,OTHERS,COLLEGE_TEACHER,1
Excellent,female,General,OA,TWO,CBSE,CBSE,ENGLISH,Excellent,Excellent,ENGINEER,HOUSE_WIFE,1
Excellent,male,General,WA,TWO,SEBA,AHSEC,ENGLISH,Excellent,Excellent,SCHOOL_TEACHER,SCHOOL_TEACHER,1
Excellent,male,General,OA,ONE,SEBA,CBSE,ENGLISH,Excellent,Excellent,BUSINESS,SCHOOL_TEACHER,1
Excellent,female,OBC,NO,ONE,SEBA,AHSEC,ASSAMESE,Excellent,Excellent,COLLEGE_TEACHER,COLLEGE_TEACHER,1
Excellent,male,General,NO,ONE,SEBA,AHSEC,OTHERS,Vg,Vg,BANK_OFFICIAL,SCHOOL_TEACHER,1
Excellent,male,General,WA,ONE,SEBA,AHSEC,ENGLISH,Excellent,Excellent,COLLEGE_TEACHER,SCHOOL_TEACHER,1
Excellent,male,General,NO,ONE,OTHERS,CBSE,ENGLISH,Excellent,Excellent,ENGINEER,HOUSE_WIFE,1
Excellent,male,General,OA,TWO,CBSE,CBSE,ENGLISH,Excellent,Excellent,BUSINESS,HOUSE_WIFE,1
Excellent,female,General,WA,TWO,SEBA,AHSEC,ENGLISH,Excellent,Excellent,SCHOOL_TEACHER,OTHERS,1
Excellent,female,General,WA,TWO,SEBA,AHSEC,ENGLISH,Excellent,Excellent,COLLEGE_TEACHER,COLLEGE_TEACHER,1
Excellent,male,General,OA,TWO,OTHERS,OTHERS,ENGLISH,Excellent,Vg,DOCTOR,OTHERS,1
Excellent,female,General,WA,TWO,SEBA,AHSEC,ENGLISH,Excellent,Vg,OTHERS,COLLEGE_TEACHER,1
Excellent,female,General,NO,TWO,SEBA,AHSEC,ASSAMESE,Good,Vg,SCHOOL_TEACHER,HOUSE_WIFE,1
Excellent,female,General,NO,ONE,CBSE,CBSE,ENGLISH,Excellent,Excellent,COLLEGE_TEACHER,SCHOOL_TEACHER,1
Excellent,male,General,WA,TWO,SEBA,AHSEC,ENGLISH,Excellent,Excellent,ENGINEER,HOUSE_WIFE,1
Excellent,female,General,NO,TWO,SEBA,AHSEC,ENGLISH,Excellent,Excellent,OTHERS,HOUSE_WIFE,1
Excellent,male,General,WA,TWO,SEBA,AHSEC,ASSAMESE,Excellent,Excellent,OTHERS,HOUSE_WIFE,1
Excellent,male,OBC,NO,ONE,CBSE,CBSE,ENGLISH,Excellent,Excellent,BUSINESS,OTHERS,1
Excellent,female,General,OA,TWO,CBSE,AHSEC,ENGLISH,Excellent,Excellent,BUSINESS,HOUSE_WIFE,1
Excellent,male,General,OA,TWO,CBSE,CBSE,ENGLISH,Excellent,Excellent,DOCTOR,COLLEGE_TEACHER,1
Excellent,male,General,WA,TWO,SEBA,AHSEC,ENGLISH,Excellent,Excellent,BUSINESS,HOUSE_WIFE,1
Excellent,male,General,NO,TWO,CBSE,CBSE,ENGLISH,Excellent,Excellent,OTHERS,HOUSE_WIFE,1
Excellent,male,General,WA,TWO,CBSE,CBSE,ENGLISH,Excellent,Vg,ENGINEER,HOUSE_WIFE,1
Excellent,female,General,WA,TWO,SEBA,AHSEC,ENGLISH,Excellent,Excellent,DOCTOR,COLLEGE_TEACHER,1
Excellent,male,General,WA,TWO,SEBA,AHSEC,OTHERS,Good,Good,SCHOOL_TEACHER,SCHOOL_TEACHER,1
Excellent,male,General,WA,TWO,CBSE,CBSE,ENGLISH,Excellent,Excellent,BANK_OFFICIAL,HOUSE_WIFE,1
Excellent,female,General,OA,ONE,OTHERS,CBSE,ENGLISH,Excellent,Excellent,BUSINESS,HOUSE_WIFE,1
Excellent,male,SC,OA,TWO,CBSE,CBSE,ENGLISH,Excellent,Excellent,OTHERS,HOUSE_WIFE,1
Excellent,male,SC,WA,TWO,SEBA,AHSEC,OTHERS,Excellent,Vg,OTHERS,HOUSE_WIFE,1
Excellent,female,General,NO,TWO,CBSE,CBSE,ENGLISH,Excellent,Excellent,COLLEGE_TEACHER,SCHOOL_TEACHER,1
Excellent,female,General,WA,TWO,CBSE,CBSE,ENGLISH,Excellent,Excellent,OTHERS,SCHOOL_TEACHER,1
Excellent,female,General,WA,TWO,CBSE,CBSE,ENGLISH,Excellent,Excellent,OTHERS,OTHERS,1
Excellent,male,General,WA,TWO,CBSE,CBSE,ENGLISH,Excellent,Excellent,DOCTOR,DOCTOR,1
Excellent,male,General,WA,TWO,CBSE,CBSE,ENGLISH,Excellent,Excellent,ENGINEER,HOUSE_WIFE,1
Excellent,male,OBC,WA,TWO,SEBA,CBSE,ENGLISH,Excellent,Excellent,ENGINEER,HOUSE_WIFE,1
Excellent,female,General,WA,THREE,SEBA,AHSEC,OTHERS,Vg,Vg,OTHERS,HOUSE_WIFE,1
Excellent,female,General,WA,TWO,OTHERS,CBSE,ENGLISH,Excellent,Excellent,ENGINEER,HOUSE_WIFE,1
Excellent,male,SC,OA,TWO,SEBA,AHSEC,ENGLISH,Good,Good,BUSINESS,HOUSE_WIFE,1
Excellent,male,General,WA,THREE,SEBA,AHSEC,ASSAMESE,Excellent,Good,COLLEGE_TEACHER,HOUSE_WIFE,1
Excellent,male,General,NO,TWO,CBSE,CBSE,ENGLISH,Excellent,Good,BANK_OFFICIAL,HOUSE_WIFE,1
Excellent,male,General,OA,TWO,SEBA,AHSEC,ENGLISH,Excellent,Vg,SCHOOL_TEACHER,HOUSE_WIFE,1
Excellent,female,General,WA,TWO,SEBA,AHSEC,ASSAMESE,Excellent,Excellent,BUSINESS,HOUSE_WIFE,1
Excellent,male,General,WA,TWO,SEBA,AHSEC,OTHERS,Excellent,Excellent,OTHERS,HOUSE_WIFE,1
Excellent,male,General,WA,TWO,CBSE,CBSE,ENGLISH,Excellent,Excellent,DOCTOR,SCHOOL_TEACHER,1
Excellent,female,General,WA,TWO,CBSE,CBSE,ENGLISH,Excellent,Excellent,ENGINEER,HOUSE_WIFE,1
Excellent,male,General,WA,TWO,SEBA,AHSEC,ENGLISH,Excellent,Excellent,ENGINEER,COLLEGE_TEACHER,1
Excellent,female,General,WA,TWO,SEBA,AHSEC,ENGLISH,Excellent,Excellent,ENGINEER,HOUSE_WIFE,1
Excellent,male,OBC,WA,ONE,SEBA,AHSEC,ASSAMESE,Average,Average,BUSINESS,OTHERS,1
Excellent,male,General,NO,TWO,CBSE,AHSEC,ENGLISH,Excellent,Excellent,OTHERS,HOUSE_WIFE,1
Excellent,male,OBC,NO,ONE,CBSE,CBSE,ENGLISH,Excellent,Excellent,OTHERS,HOUSE_WIFE,1
Excellent,female,General,WA,TWO,CBSE,CBSE,ENGLISH,Excellent,Excellent,OTHERS,HOUSE_WIFE,1
Excellent,female,General,OA,TWO,CBSE,CBSE,ENGLISH,Excellent,Excellent,OTHERS,HOUSE_WIFE,1
Excellent,male,OBC,WA,TWO,SEBA,AHSEC,OTHERS,Good,Good,OTHERS,HOUSE_WIFE,1
Excellent,male,General,WA,ONE,OTHERS,OTHERS,ENGLISH,Excellent,Good,OTHERS,OTHERS,1
Excellent,male,OBC,OA,TWO,OTHERS,OTHERS,OTHERS,Vg,Vg,BUSINESS,HOUSE_WIFE,1
Excellent,male,General,WA,THREE,SEBA,AHSEC,ASSAMESE,Vg,Good,OTHERS,SCHOOL_TEACHER,1
Excellent,male,General,OA,TWO,CBSE,CBSE,ENGLISH,Excellent,Vg,SCHOOL_TEACHER,SCHOOL_TEACHER,1
Excellent,male,General,WA,ONE,CBSE,CBSE,ENGLISH,Excellent,Excellent,OTHERS,COLLEGE_TEACHER,1
Excellent,female,General,WA,THREE,SEBA,AHSEC,OTHERS,Excellent,Excellent,SCHOOL_TEACHER,HOUSE_WIFE,1
Excellent,male,General,OA,TWO,CBSE,CBSE,ENGLISH,Excellent,Excellent,OTHERS,HOUSE_WIFE,1
Excellent,female,General,WA,TWO,CBSE,CBSE,ENGLISH,Excellent,Excellent,DOCTOR,OTHERS,1
Excellent,male,General,WA,TWO,SEBA,AHSEC,ENGLISH,Excellent,Excellent,OTHERS,SCHOOL_TEACHER,1
Excellent,female,General,WA,TWO,CBSE,CBSE,ENGLISH,Excellent,Vg,OTHERS,HOUSE_WIFE,1
Excellent,male,General,OA,ONE,SEBA,CBSE,ENGLISH,Excellent,Excellent,DOCTOR,HOUSE_WIFE,1
Excellent,male,General,WA,ONE,OTHERS,CBSE,ENGLISH,Excellent,Excellent,DOCTOR,HOUSE_WIFE,1
Excellent,female,OBC,WA,TWO,SEBA,CBSE,ENGLISH,Excellent,Excellent,SCHOOL_TEACHER,HOUSE_WIFE,1
Excellent,male,General,NO,ONE,SEBA,AHSEC,OTHERS,Average,Good,OTHERS,HOUSE_WIFE,1
Excellent,male,OBC,WA,TWO,SEBA,AHSEC,ENGLISH,Excellent,Excellent,OTHERS,HOUSE_WIFE,1
Excellent,female,OBC,WA,TWO,CBSE,CBSE,ENGLISH,Excellent,Excellent,OTHERS,HOUSE_WIFE,1
Excellent,female,General,WA,ONE,CBSE,CBSE,ENGLISH,Excellent,Excellent,OTHERS,SCHOOL_TEACHER,1
Excellent,male,General,OA,TWO,SEBA,CBSE,ENGLISH,Excellent,Excellent,ENGINEER,HOUSE_WIFE,1
Excellent,male,General,WA,TWO,SEBA,AHSEC,OTHERS,Good,Excellent,CULTIVATOR,HOUSE_WIFE,1
Excellent,male,General,OA,TWO,SEBA,CBSE,ENGLISH,Excellent,Excellent,BUSINESS,HOUSE_WIFE,1
Excellent,male,General,WA,THREE,SEBA,CBSE,ENGLISH,Vg,Good,OTHERS,OTHERS,1
Excellent,female,General,WA,TWO,SEBA,AHSEC,ASSAMESE,Good,Average,SCHOOL_TEACHER,SCHOOL_TEACHER,1
Excellent,male,General,WA,TWO,SEBA,AHSEC,ENGLISH,Excellent,Excellent,ENGINEER,BANK_OFFICIAL,1
Excellent,male,General,OA,TWO,SEBA,AHSEC,ENGLISH,Excellent,Excellent,ENGINEER,HOUSE_WIFE,1
Excellent,female,OBC,WA,TWO,SEBA,AHSEC,ENGLISH,Excellent,Excellent,OTHERS,OTHERS,1
Excellent,male,General,NO,ONE,CBSE,CBSE,ENGLISH,Vg,Vg,OTHERS,HOUSE_WIFE,1
Excellent,female,OBC,WA,ONE,SEBA,AHSEC,ENGLISH,Excellent,Excellent,OTHERS,COLLEGE_TEACHER,1
Excellent,female,General,WA,TWO,SEBA,AHSEC,ENGLISH,Excellent,Excellent,COLLEGE_TEACHER,SCHOOL_TEACHER,1
Vg,female,General,WA,TWO,SEBA,CBSE,ENGLISH,Excellent,Excellent,DOCTOR,DOCTOR,1
Vg,male,General,WA,TWO,CBSE,CBSE,ENGLISH,Excellent,Excellent,OTHERS,HOUSE_WIFE,1
Vg,female,General,WA,TWO,SEBA,AHSEC,OTHERS,Excellent,Excellent,BANK_OFFICIAL,BANK_OFFICIAL,1
Vg,male,General,WA,TWO,CBSE,CBSE,ENGLISH,Excellent,Vg,BANK_OFFICIAL,HOUSE_WIFE,1
Vg,male,General,NO,ONE,OTHERS,CBSE,ENGLISH,Excellent,Excellent,OTHERS,COLLEGE_TEACHER,1
Vg,female,General,WA,ONE,CBSE,CBSE,ENGLISH,Vg,Vg,BUSINESS,HOUSE_WIFE,1
Vg,male,General,WA,ONE,SEBA,AHSEC,ENGLISH,Excellent,Excellent,OTHERS,HOUSE_WIFE,1
Vg,male,General,WA,TWO,SEBA,AHSEC,OTHERS,Vg,Excellent,BUSINESS,HOUSE_WIFE,1
Vg,female,General,WA,TWO,SEBA,AHSEC,ENGLISH,Excellent,Excellent,OTHERS,HOUSE_WIFE,1
Vg,male,General,NO,ONE,SEBA,CBSE,ENGLISH,Good,Good,OTHERS,HOUSE_WIFE,1
Vg,male,General,WA,TWO,SEBA,AHSEC,ENGLISH,Excellent,Vg,SCHOOL_TEACHER,HOUSE_WIFE,1
Vg,female,General,WA,ONE,CBSE,CBSE,ENGLISH,Excellent,Excellent,OTHERS,SCHOOL_TEACHER,1
Vg,male,General,WA,FOUR,CBSE,CBSE,ENGLISH,Vg,Vg,COLLEGE_TEACHER,COLLEGE_TEACHER,1
Vg,male,General,WA,THREE,SEBA,AHSEC,ENGLISH,Excellent,Excellent,BUSINESS,HOUSE_WIFE,1
Vg,female,General,WA,TWO,CBSE,CBSE,ENGLISH,Excellent,Excellent,SCHOOL_TEACHER,SCHOOL_TEACHER,1
Vg,female,OBC,WA,THREE,SEBA,AHSEC,ENGLISH,Vg,Vg,ENGINEER,HOUSE_WIFE,1
Vg,male,General,WA,THREE,CBSE,CBSE,ENGLISH,Excellent,Excellent,OTHERS,HOUSE_WIFE,1
Vg,male,General,WA,TWO,SEBA,AHSEC,ENGLISH,Excellent,Excellent,SCHOOL_TEACHER,HOUSE_WIFE,1
Vg,male,General,WA,THREE,SEBA,AHSEC,OTHERS,Excellent,Good,SCHOOL_TEACHER,HOUSE_WIFE,1
Vg,male,General,NO,ONE,CBSE,CBSE,ENGLISH,Excellent,Excellent,COLLEGE_TEACHER,HOUSE_WIFE,1
Vg,female,OBC,WA,TWO,OTHERS,CBSE,ENGLISH,Excellent,Excellent,ENGINEER,HOUSE_WIFE,1
Vg,female,General,NO,ONE,SEBA,AHSEC,ENGLISH,Excellent,Excellent,OTHERS,HOUSE_WIFE,1
Vg,female,General,WA,TWO,CBSE,CBSE,ENGLISH,Excellent,Excellent,COLLEGE_TEACHER,SCHOOL_TEACHER,1
Vg,female,General,WA,TWO,SEBA,AHSEC,ENGLISH,Good,Vg,COLLEGE_TEACHER,HOUSE_WIFE,1
Vg,female,General,WA,TWO,SEBA,AHSEC,OTHERS,Excellent,Excellent,DOCTOR,HOUSE_WIFE,1
Vg,female,OBC,OA,TWO,CBSE,CBSE,ENGLISH,Excellent,Excellent,BUSINESS,BUSINESS,1
Vg,male,OBC,WA,TWO,SEBA,AHSEC,OTHERS,Excellent,Excellent,OTHERS,OTHERS,1
Vg,female,General,WA,TWO,SEBA,AHSEC,OTHERS,Excellent,Excellent,COLLEGE_TEACHER,HOUSE_WIFE,1
Vg,male,General,NO,THREE,SEBA,AHSEC,OTHERS,Vg,Vg,CULTIVATOR,HOUSE_WIFE,1
Vg,female,OBC,WA,THREE,CBSE,AHSEC,ENGLISH,Excellent,Vg,SCHOOL_TEACHER,HOUSE_WIFE,1
Vg,male,General,WA,TWO,SEBA,AHSEC,OTHERS,Good,Vg,BUSINESS,HOUSE_WIFE,1
Vg,female,General,NO,ONE,SEBA,AHSEC,ENGLISH,Excellent,Excellent,DOCTOR,DOCTOR,1
Vg,male,SC,WA,TWO,SEBA,AHSEC,ENGLISH,Excellent,Excellent,OTHERS,HOUSE_WIFE,1
Vg,female,General,NO,TWO,CBSE,CBSE,ENGLISH,Excellent,Excellent,OTHERS,HOUSE_WIFE,1
Vg,female,General,WA,TWO,SEBA,AHSEC,ASSAMESE,Excellent,Excellent,SCHOOL_TEACHER,HOUSE_WIFE,1
Vg,male,General,WA,TWO,SEBA,AHSEC,OTHERS,Excellent,Excellent,SCHOOL_TEACHER,HOUSE_WIFE,1
Vg,male,General,NO,ONE,CBSE,CBSE,ENGLISH,Excellent,Excellent,OTHERS,SCHOOL_TEACHER,1
Vg,female,OBC,NO,TWO,CBSE,CBSE,ENGLISH,Excellent,Excellent,OTHERS,HOUSE_WIFE,1
Vg,female,General,WA,TWO,CBSE,AHSEC,ENGLISH,Excellent,Excellent,OTHERS,HOUSE_WIFE,1
Vg,male,General,WA,TWO,SEBA,AHSEC,ENGLISH,Excellent,Vg,BUSINESS,HOUSE_WIFE,1
Vg,male,OBC,WA,ONE,CBSE,CBSE,ENGLISH,Excellent,Excellent,OTHERS,HOUSE_WIFE,1
Vg,male,OBC,NO,ONE,CBSE,CBSE,ENGLISH,Excellent,Excellent,OTHERS,COLLEGE_TEACHER,1
Vg,male,OBC,WA,ONE,SEBA,AHSEC,OTHERS,Excellent,Excellent,SCHOOL_TEACHER,HOUSE_WIFE,1
Vg,female,General,WA,TWO,SEBA,AHSEC,ENGLISH,Excellent,Excellent,SCHOOL_TEACHER,SCHOOL_TEACHER,1
Vg,female,General,WA,TWO,SEBA,AHSEC,ENGLISH,Excellent,Excellent,OTHERS,COLLEGE_TEACHER,1
Vg,male,OBC,NO,ONE,CBSE,CBSE,ENGLISH,Excellent,Excellent,BUSINESS,HOUSE_WIFE,1
Vg,male,General,WA,THREE,CBSE,CBSE,ENGLISH,Vg,Vg,OTHERS,HOUSE_WIFE,1
Vg,male,General,WA,TWO,CBSE,CBSE,ENGLISH,Excellent,Excellent,SCHOOL_TEACHER,HOUSE_WIFE,1
Vg,female,General,WA,ONE,SEBA,AHSEC,ENGLISH,Excellent,Excellent,OTHERS,HOUSE_WIFE,1
Vg,female,General,WA,ONE,CBSE,CBSE,ENGLISH,Excellent,Excellent,COLLEGE_TEACHER,COLLEGE_TEACHER,1
Vg,male,General,WA,THREE,CBSE,CBSE,ENGLISH,Vg,Good,SCHOOL_TEACHER,HOUSE_WIFE,1
Vg,female,General,NO,ONE,CBSE,CBSE,ENGLISH,Excellent,Excellent,OTHERS,HOUSE_WIFE,1
Vg,female,General,OA,THREE,CBSE,CBSE,ENGLISH,Excellent,Good,OTHERS,HOUSE_WIFE,1
Vg,male,General,WA,TWO,SEBA,AHSEC,ASSAMESE,Excellent,Vg,COLLEGE_TEACHER,SCHOOL_TEACHER,1
Vg,female,General,WA,ONE,OTHERS,CBSE,ENGLISH,Excellent,Excellent,DOCTOR,DOCTOR,1
Vg,male,General,OA,ONE,OTHERS,OTHERS,ENGLISH,Vg,Excellent,COLLEGE_TEACHER,SCHOOL_TEACHER,1
Vg,female,OBC,WA,TWO,SEBA,AHSEC,ENGLISH,Excellent,Excellent,DOCTOR,OTHERS,1
Vg,female,OBC,OA,TWO,CBSE,CBSE,ENGLISH,Excellent,Excellent,OTHERS,HOUSE_WIFE,1
Vg,female,General,WA,ONE,CBSE,CBSE,ENGLISH,Excellent,Excellent,ENGINEER,HOUSE_WIFE,1
Vg,female,SC,WA,TWO,CBSE,CBSE,ENGLISH,Excellent,Excellent,ENGINEER,HOUSE_WIFE,1
Vg,male,General,WA,TWO,SEBA,CBSE,ENGLISH,Good,Good,SCHOOL_TEACHER,HOUSE_WIFE,1
Vg,male,General,NO,ONE,SEBA,AHSEC,ENGLISH,Excellent,Excellent,OTHERS,HOUSE_WIFE,1
Vg,male,OBC,WA,TWO,SEBA,AHSEC,ENGLISH,Excellent,Excellent,OTHERS,HOUSE_WIFE,1
Vg,male,General,WA,THREE,SEBA,AHSEC,ENGLISH,Excellent,Vg,BUSINESS,SCHOOL_TEACHER,1
Vg,female,General,WA,TWO,SEBA,AHSEC,OTHERS,Excellent,Good,OTHERS,SCHOOL_TEACHER,1
Vg,male,SC,NO,ONE,SEBA,AHSEC,ENGLISH,Excellent,Excellent,BUSINESS,SCHOOL_TEACHER,1
Vg,female,OBC,WA,TWO,SEBA,AHSEC,ENGLISH,Excellent,Excellent,OTHERS,HOUSE_WIFE,1
Vg,female,General,NO,THREE,SEBA,AHSEC,ENGLISH,Excellent,Vg,OTHERS,HOUSE_WIFE,1
Vg,male,OBC,NO,ONE,CBSE,AHSEC,ENGLISH,Excellent,Excellent,SCHOOL_TEACHER,HOUSE_WIFE,1
Vg,male,General,OA,TWO,CBSE,CBSE,ENGLISH,Excellent,Excellent,OTHERS,SCHOOL_TEACHER,1
Vg,male,OBC,WA,TWO,SEBA,AHSEC,OTHERS,Excellent,Vg,BUSINESS,HOUSE_WIFE,1
Vg,male,General,NO,ONE,SEBA,AHSEC,OTHERS,Excellent,Excellent,SCHOOL_TEACHER,HOUSE_WIFE,1
Vg,male,General,NO,ONE,CBSE,AHSEC,ENGLISH,Excellent,Excellent,ENGINEER,HOUSE_WIFE,1
Vg,male,SC,WA,TWO,CBSE,CBSE,ENGLISH,Excellent,Vg,SCHOOL_TEACHER,HOUSE_WIFE,1
Vg,male,OBC,WA,THREE,SEBA,AHSEC,ENGLISH,Excellent,Excellent,SCHOOL_TEACHER,HOUSE_WIFE,1
Vg,female,General,WA,TWO,CBSE,CBSE,ENGLISH,Excellent,Excellent,ENGINEER,COLLEGE_TEACHER,1
Vg,male,General,OA,TWO,CBSE,CBSE,ENGLISH,Excellent,Excellent,BUSINESS,HOUSE_WIFE,1
Vg,female,General,WA,TWO,SEBA,AHSEC,OTHERS,Excellent,Excellent,SCHOOL_TEACHER,HOUSE_WIFE,1
Vg,female,General,WA,TWO,CBSE,CBSE,ENGLISH,Excellent,Excellent,ENGINEER,HOUSE_WIFE,1
Vg,female,OBC,WA,TWO,SEBA,AHSEC,ENGLISH,Vg,Vg,COLLEGE_TEACHER,HOUSE_WIFE,1
Vg,female,General,WA,TWO,SEBA,AHSEC,ASSAMESE,Excellent,Excellent,OTHERS,HOUSE_WIFE,1
Vg,female,General,WA,ONE,SEBA,AHSEC,ENGLISH,Excellent,Excellent,BUSINESS,HOUSE_WIFE,1
Vg,male,General,WA,TWO,SEBA,AHSEC,ENGLISH,Excellent,Excellent,CULTIVATOR,HOUSE_WIFE,1
Vg,female,OBC,WA,TWO,CBSE,CBSE,ENGLISH,Excellent,Excellent,OTHERS,OTHERS,1
Vg,female,General,WA,TWO,CBSE,CBSE,ENGLISH,Excellent,Excellent,DOCTOR,DOCTOR,1
Vg,female,General,WA,THREE,SEBA,AHSEC,OTHERS,Vg,Vg,OTHERS,HOUSE_WIFE,1
Vg,female,OBC,OA,THREE,SEBA,AHSEC,ENGLISH,Good,Vg,OTHERS,HOUSE_WIFE,1
Vg,male,OBC,WA,TWO,SEBA,AHSEC,ENGLISH,Excellent,Vg,OTHERS,HOUSE_WIFE,1
Vg,male,OBC,NO,FOUR,SEBA,AHSEC,OTHERS,Vg,Vg,BUSINESS,HOUSE_WIFE,1
Vg,male,OBC,WA,ONE,CBSE,CBSE,ENGLISH,Excellent,Excellent,DOCTOR,HOUSE_WIFE,1
Vg,male,General,WA,ONE,CBSE,CBSE,ENGLISH,Excellent,Excellent,OTHERS,SCHOOL_TEACHER,1
Vg,female,General,WA,TWO,SEBA,AHSEC,ENGLISH,Excellent,Vg,BUSINESS,SCHOOL_TEACHER,1
Vg,male,OBC,OA,TWO,SEBA,CBSE,ENGLISH,Vg,Excellent,BUSINESS,HOUSE_WIFE,1
Vg,female,General,WA,TWO,SEBA,AHSEC,ENGLISH,Vg,Vg,OTHERS,HOUSE_WIFE,1
Vg,male,General,WA,TWO,SEBA,AHSEC,ENGLISH,Excellent,Excellent,BUSINESS,HOUSE_WIFE,1
Vg,male,General,WA,TWO,CBSE,CBSE,ENGLISH,Excellent,Excellent,OTHERS,OTHERS,1
Vg,female,General,NO,ONE,SEBA,AHSEC,ENGLISH,Excellent,Excellent,OTHERS,OTHERS,1
Vg,male,General,NO,ONE,SEBA,AHSEC,ENGLISH,Excellent,Excellent,ENGINEER,SCHOOL_TEACHER,1
Vg,female,OBC,WA,THREE,SEBA,AHSEC,ENGLISH,Excellent,Excellent,SCHOOL_TEACHER,OTHERS,1
Vg,female,General,WA,TWO,SEBA,CBSE,ENGLISH,Excellent,Excellent,BUSINESS,HOUSE_WIFE,1
Vg,female,General,WA,TWO,CBSE,CBSE,ENGLISH,Excellent,Excellent,COLLEGE_TEACHER,HOUSE_WIFE,1
Vg,male,General,WA,ONE,CBSE,CBSE,ENGLISH,Excellent,Excellent,BUSINESS,HOUSE_WIFE,1
Vg,male,General,WA,ONE,SEBA,AHSEC,ENGLISH,Excellent,Excellent,DOCTOR,HOUSE_WIFE,1
Vg,female,SC,OA,TWO,SEBA,CBSE,ENGLISH,Excellent,Vg,OTHERS,BANK_OFFICIAL,1
Vg,male,General,WA,TWO,CBSE,CBSE,ENGLISH,Excellent,Excellent,BANK_OFFICIAL,HOUSE_WIFE,1
Vg,female,General,WA,FOUR,CBSE,CBSE,ENGLISH,Excellent,Vg,BANK_OFFICIAL,BANK_OFFICIAL,1
Vg,male,General,WA,TWO,CBSE,CBSE,ENGLISH,Excellent,Excellent,BUSINESS,OTHERS,1
Vg,female,ST,WA,TWO,SEBA,AHSEC,ENGLISH,Excellent,Excellent,OTHERS,HOUSE_WIFE,1
Vg,female,General,WA,ONE,SEBA,AHSEC,ENGLISH,Excellent,Excellent,BANK_OFFICIAL,HOUSE_WIFE,1
Vg,male,General,WA,THREE,SEBA,AHSEC,OTHERS,Vg,Vg,OTHERS,HOUSE_WIFE,1
Vg,female,General,OA,TWO,CBSE,CBSE,ENGLISH,Excellent,Excellent,OTHERS,SCHOOL_TEACHER,1
Vg,male,OBC,WA,TWO,CBSE,CBSE,ENGLISH,Excellent,Excellent,OTHERS,HOUSE_WIFE,1
Vg,male,General,WA,TWO,SEBA,AHSEC,OTHERS,Excellent,Vg,SCHOOL_TEACHER,HOUSE_WIFE,1
Vg,male,General,WA,ONE,CBSE,CBSE,ENGLISH,Excellent,Excellent,OTHERS,HOUSE_WIFE,1
Vg,female,General,WA,ONE,CBSE,CBSE,ENGLISH,Excellent,Excellent,OTHERS,HOUSE_WIFE,1
Vg,male,General,NO,ONE,SEBA,AHSEC,ENGLISH,Excellent,Excellent,BUSINESS,HOUSE_WIFE,1
Vg,male,General,WA,TWO,CBSE,CBSE,ENGLISH,Excellent,Excellent,ENGINEER,HOUSE_WIFE,1
Vg,male,OBC,NO,ONE,SEBA,AHSEC,ENGLISH,Excellent,Excellent,COLLEGE_TEACHER,SCHOOL_TEACHER,1
Vg,female,General,WA,THREE,CBSE,CBSE,ENGLISH,Excellent,Excellent,SCHOOL_TEACHER,SCHOOL_TEACHER,1
Vg,female,SC,WA,TWO,SEBA,AHSEC,ASSAMESE,Excellent,Vg,OTHERS,OTHERS,1
Vg,male,OBC,WA,THREE,SEBA,AHSEC,OTHERS,Vg,Vg,CULTIVATOR,CULTIVATOR,1
Vg,male,General,WA,TWO,SEBA,AHSEC,OTHERS,Excellent,Excellent,OTHERS,HOUSE_WIFE,1
Vg,male,OBC,WA,TWO,SEBA,AHSEC,ENGLISH,Excellent,Excellent,SCHOOL_TEACHER,SCHOOL_TEACHER,1
Vg,male,OBC,WA,THREE,SEBA,AHSEC,OTHERS,Vg,Excellent,SCHOOL_TEACHER,SCHOOL_TEACHER,1
Vg,male,OBC,WA,TWO,SEBA,AHSEC,OTHERS,Excellent,Excellent,CULTIVATOR,SCHOOL_TEACHER,1
Vg,female,General,WA,ONE,CBSE,CBSE,ENGLISH,Excellent,Excellent,BUSINESS,BUSINESS,1
Vg,male,General,WA,THREE,SEBA,AHSEC,ASSAMESE,Good,Good,SCHOOL_TEACHER,HOUSE_WIFE,1
Vg,female,SC,WA,TWO,SEBA,AHSEC,ENGLISH,Excellent,Excellent,BANK_OFFICIAL,SCHOOL_TEACHER,1
Vg,male,ST,NO,TWO,SEBA,AHSEC,ENGLISH,Average,Average,OTHERS,HOUSE_WIFE,1
Vg,female,General,WA,THREE,SEBA,CBSE,ENGLISH,Excellent,Excellent,BUSINESS,HOUSE_WIFE,1
Vg,female,General,NO,ONE,SEBA,AHSEC,ENGLISH,Vg,Excellent,DOCTOR,SCHOOL_TEACHER,1
Vg,female,SC,WA,ONE,CBSE,CBSE,ENGLISH,Excellent,Excellent,OTHERS,HOUSE_WIFE,1
Vg,female,General,NO,ONE,SEBA,AHSEC,ENGLISH,Excellent,Excellent,ENGINEER,ENGINEER,1
Vg,male,OBC,WA,TWO,CBSE,CBSE,ENGLISH,Excellent,Vg,OTHERS,OTHERS,1
Vg,male,OBC,NO,FOUR,CBSE,CBSE,ENGLISH,Excellent,Vg,OTHERS,HOUSE_WIFE,1
Vg,female,OBC,OA,ONE,CBSE,CBSE,ENGLISH,Excellent,Excellent,OTHERS,HOUSE_WIFE,1
Vg,female,OBC,WA,ONE,SEBA,AHSEC,ENGLISH,Excellent,Excellent,SCHOOL_TEACHER,SCHOOL_TEACHER,1
Vg,male,OBC,NO,ONE,CBSE,CBSE,ENGLISH,Excellent,Excellent,DOCTOR,OTHERS,1
Vg,female,General,NO,ONE,SEBA,AHSEC,ENGLISH,Excellent,Excellent,ENGINEER,COLLEGE_TEACHER,1
Vg,male,OBC,WA,THREE,SEBA,AHSEC,ENGLISH,Vg,Vg,OTHERS,HOUSE_WIFE,1
Vg,female,General,NO,ONE,SEBA,AHSEC,OTHERS,Excellent,Excellent,DOCTOR,DOCTOR,1
Vg,male,OBC,WA,TWO,CBSE,CBSE,ENGLISH,Excellent,Vg,OTHERS,HOUSE_WIFE,1
Vg,female,OBC,NO,THREE,CBSE,CBSE,ENGLISH,Excellent,Excellent,DOCTOR,HOUSE_WIFE,1
Vg,female,General,WA,TWO,SEBA,AHSEC,ENGLISH,Excellent,Vg,BUSINESS,HOUSE_WIFE,1
Vg,male,General,WA,TWO,SEBA,AHSEC,ASSAMESE,Excellent,Vg,OTHERS,HOUSE_WIFE,1
Vg,male,General,WA,TWO,SEBA,AHSEC,ENGLISH,Good,Good,BUSINESS,HOUSE_WIFE,1
Vg,female,SC,NO,TWO,CBSE,CBSE,ENGLISH,Excellent,Excellent,ENGINEER,OTHERS,1
Vg,female,SC,NO,ONE,CBSE,CBSE,ENGLISH,Excellent,Excellent,BANK_OFFICIAL,HOUSE_WIFE,1
Vg,male,General,WA,TWO,SEBA,AHSEC,OTHERS,Excellent,Vg,OTHERS,HOUSE_WIFE,1
Vg,female,General,WA,TWO,SEBA,AHSEC,ASSAMESE,Excellent,Excellent,SCHOOL_TEACHER,SCHOOL_TEACHER,1
Vg,female,OBC,NO,TWO,SEBA,AHSEC,ENGLISH,Excellent,Excellent,OTHERS,HOUSE_WIFE,1
Vg,male,OBC,WA,ONE,SEBA,AHSEC,ENGLISH,Excellent,Excellent,OTHERS,HOUSE_WIFE,1
Vg,female,OBC,WA,TWO,SEBA,AHSEC,ENGLISH,Vg,Excellent,OTHERS,HOUSE_WIFE,1
Vg,male,General,NO,ONE,CBSE,AHSEC,ENGLISH,Excellent,Excellent,SCHOOL_TEACHER,SCHOOL_TEACHER,1
Vg,female,General,WA,TWO,SEBA,AHSEC,ENGLISH,Excellent,Vg,OTHERS,HOUSE_WIFE,1
Vg,male,General,WA,TWO,SEBA,AHSEC,ENGLISH,Excellent,Vg,ENGINEER,HOUSE_WIFE,1
Vg,male,OBC,OA,ONE,CBSE,CBSE,ENGLISH,Excellent,Excellent,ENGINEER,ENGINEER,1
Vg,female,General,WA,TWO,SEBA,AHSEC,ENGLISH,Vg,Vg,BUSINESS,HOUSE_WIFE,1
Vg,female,General,WA,TWO,CBSE,CBSE,ENGLISH,Excellent,Excellent,OTHERS,OTHERS,1
Vg,female,General,WA,ONE,CBSE,CBSE,ENGLISH,Excellent,Excellent,DOCTOR,DOCTOR,1
Vg,male,OBC,OA,TWO,CBSE,CBSE,ENGLISH,Excellent,Good,OTHERS,HOUSE_WIFE,1
Vg,male,General,WA,THREE,SEBA,AHSEC,OTHERS,Excellent,Vg,SCHOOL_TEACHER,HOUSE_WIFE,1
Vg,female,General,WA,TWO,OTHERS,AHSEC,ENGLISH,Excellent,Vg,COLLEGE_TEACHER,HOUSE_WIFE,1
Vg,male,General,WA,THREE,SEBA,AHSEC,OTHERS,Vg,Vg,CULTIVATOR,HOUSE_WIFE,1
Vg,female,General,WA,THREE,SEBA,AHSEC,ENGLISH,Excellent,Excellent,COLLEGE_TEACHER,SCHOOL_TEACHER,1
Vg,female,General,WA,TWO,CBSE,CBSE,ENGLISH,Excellent,Excellent,COLLEGE_TEACHER,ENGINEER,1
Vg,male,General,OA,TWO,CBSE,CBSE,ENGLISH,Excellent,Vg,OTHERS,HOUSE_WIFE,1
Vg,male,General,WA,THREE,CBSE,CBSE,ENGLISH,Excellent,Vg,OTHERS,HOUSE_WIFE,1
Vg,male,General,WA,TWO,CBSE,CBSE,ENGLISH,Excellent,Vg,BUSINESS,HOUSE_WIFE,1
Vg,male,General,WA,TWO,CBSE,AHSEC,ENGLISH,Excellent,Excellent,BUSINESS,HOUSE_WIFE,1
Vg,female,OBC,WA,TWO,SEBA,AHSEC,ENGLISH,Excellent,Excellent,BUSINESS,SCHOOL_TEACHER,1
Vg,female,OBC,NO,ONE,CBSE,CBSE,ENGLISH,Vg,Good,BUSINESS,SCHOOL_TEACHER,1
Vg,female,General,WA,TWO,CBSE,CBSE,ENGLISH,Excellent,Vg,OTHERS,SCHOOL_TEACHER,1
Vg,male,SC,WA,ONE,SEBA,AHSEC,ENGLISH,Vg,Excellent,OTHERS,HOUSE_WIFE,1
Vg,male,SC,WA,ONE,OTHERS,AHSEC,ENGLISH,Excellent,Excellent,ENGINEER,HOUSE_WIFE,1
Vg,male,General,WA,THREE,SEBA,AHSEC,ENGLISH,Vg,Excellent,ENGINEER,HOUSE_WIFE,1
Vg,female,OBC,NO,ONE,CBSE,AHSEC,ENGLISH,Excellent,Excellent,OTHERS,HOUSE_WIFE,1
Vg,male,General,WA,ONE,SEBA,AHSEC,ENGLISH,Vg,Excellent,OTHERS,HOUSE_WIFE,1
Good,female,OBC,WA,TWO,SEBA,AHSEC,ENGLISH,Excellent,Excellent,OTHERS,HOUSE_WIFE,0
Good,female,General,WA,THREE,SEBA,AHSEC,ASSAMESE,Excellent,Vg,SCHOOL_TEACHER,HOUSE_WIFE,0
Good,male,SC,OA,TWO,SEBA,CBSE,OTHERS,Vg,Good,OTHERS,HOUSE_WIFE,0
Good,male,General,NO,ONE,SEBA,AHSEC,OTHERS,Excellent,Excellent,SCHOOL_TEACHER,SCHOOL_TEACHER,0
Good,male,General,WA,THREE,SEBA,AHSEC,ASSAMESE,Vg,Vg,SCHOOL_TEACHER,SCHOOL_TEACHER,0
Good,female,General,NO,ONE,CBSE,CBSE,ENGLISH,Excellent,Excellent,OTHERS,HOUSE_WIFE,0
Good,male,General,NO,TWO,SEBA,AHSEC,OTHERS,Excellent,Excellent,OTHERS,HOUSE_WIFE,0
Good,male,SC,OA,TWO,CBSE,CBSE,ENGLISH,Excellent,Excellent,OTHERS,OTHERS,0
Good,female,OBC,WA,ONE,CBSE,CBSE,ENGLISH,Excellent,Excellent,OTHERS,HOUSE_WIFE,0
Good,female,General,WA,ONE,OTHERS,CBSE,ENGLISH,Excellent,Excellent,ENGINEER,DOCTOR,0
Good,male,OBC,WA,ONE,SEBA,AHSEC,ENGLISH,Excellent,Excellent,OTHERS,HOUSE_WIFE,0
Good,male,General,WA,TWO,SEBA,AHSEC,OTHERS,Average,Good,SCHOOL_TEACHER,HOUSE_WIFE,0
Good,male,OBC,WA,TWO,CBSE,CBSE,ENGLISH,Excellent,Excellent,SCHOOL_TEACHER,HOUSE_WIFE,0
Good,female,General,WA,TWO,SEBA,CBSE,ENGLISH,Excellent,Vg,BANK_OFFICIAL,HOUSE_WIFE,0
Good,male,General,WA,TWO,SEBA,AHSEC,ASSAMESE,Excellent,Excellent,SCHOOL_TEACHER,SCHOOL_TEACHER,0
Good,female,OBC,WA,TWO,SEBA,AHSEC,ENGLISH,Excellent,Excellent,OTHERS,SCHOOL_TEACHER,0
Good,female,General,WA,THREE,CBSE,CBSE,ENGLISH,Excellent,Vg,BUSINESS,HOUSE_WIFE,0
Good,male,OBC,OA,FOUR,SEBA,OTHERS,ENGLISH,Vg,Average,COLLEGE_TEACHER,HOUSE_WIFE,0
Good,male,General,OA,TWO,SEBA,CBSE,ENGLISH,Excellent,Excellent,OTHERS,HOUSE_WIFE,0
Good,female,General,WA,TWO,SEBA,CBSE,ENGLISH,Excellent,Excellent,BANK_OFFICIAL,HOUSE_WIFE,0
Good,female,General,WA,TWO,SEBA,AHSEC,ENGLISH,Excellent,Excellent,SCHOOL_TEACHER,SCHOOL_TEACHER,0
Good,female,General,WA,TWO,CBSE,CBSE,ENGLISH,Excellent,Excellent,BUSINESS,HOUSE_WIFE,0
Good,male,General,WA,THREE,SEBA,AHSEC,ENGLISH,Good,Vg,BUSINESS,HOUSE_WIFE,0
Good,male,OBC,WA,TWO,SEBA,AHSEC,ENGLISH,Excellent,Vg,SCHOOL_TEACHER,HOUSE_WIFE,0
Good,male,General,NO,TWO,SEBA,AHSEC,ENGLISH,Excellent,Excellent,ENGINEER,COLLEGE_TEACHER,0
Good,male,General,NO,TWO,CBSE,CBSE,ENGLISH,Excellent,Vg,SCHOOL_TEACHER,HOUSE_WIFE,0
Good,male,General,NO,ONE,SEBA,AHSEC,ENGLISH,Vg,Vg,OTHERS,HOUSE_WIFE,0
Good,female,General,WA,TWO,SEBA,CBSE,ENGLISH,Good,Vg,BUSINESS,HOUSE_WIFE,0
Good,male,General,NO,ONE,CBSE,CBSE,ENGLISH,Excellent,Excellent,OTHERS,HOUSE_WIFE,0
Good,male,SC,WA,THREE,CBSE,CBSE,ENGLISH,Excellent,Excellent,OTHERS,HOUSE_WIFE,0
Good,male,General,OA,ONE,CBSE,CBSE,ENGLISH,Excellent,Excellent,ENGINEER,HOUSE_WIFE,0
Good,female,General,WA,ONE,SEBA,AHSEC,ENGLISH,Excellent,Excellent,BANK_OFFICIAL,OTHERS,0
Good,female,General,WA,TWO,CBSE,CBSE,ENGLISH,Excellent,Excellent,COLLEGE_TEACHER,SCHOOL_TEACHER,0
Good,female,General,WA,TWO,SEBA,AHSEC,ASSAMESE,Excellent,Excellent,SCHOOL_TEACHER,SCHOOL_TEACHER,0
Good,male,General,WA,THREE,SEBA,AHSEC,OTHERS,Vg,Vg,SCHOOL_TEACHER,SCHOOL_TEACHER,0
Good,female,OBC,WA,ONE,SEBA,AHSEC,ENGLISH,Vg,Vg,OTHERS,HOUSE_WIFE,0
Good,female,General,OA,TWO,CBSE,CBSE,ENGLISH,Excellent,Vg,ENGINEER,HOUSE_WIFE,0
Good,male,OBC,NO,TWO,SEBA,AHSEC,ENGLISH,Good,Good,OTHERS,OTHERS,0
Good,female,General,WA,TWO,SEBA,CBSE,ENGLISH,Excellent,Good,OTHERS,HOUSE_WIFE,0
Good,male,General,WA,TWO,SEBA,CBSE,ENGLISH,Excellent,Vg,OTHERS,HOUSE_WIFE,0
Good,female,OBC,OA,THREE,CBSE,CBSE,ENGLISH,Vg,Vg,BUSINESS,HOUSE_WIFE,0
Good,female,General,NO,ONE,SEBA,AHSEC,ENGLISH,Excellent,Excellent,DOCTOR,DOCTOR,0
Good,female,General,NO,ONE,SEBA,AHSEC,ENGLISH,Excellent,Excellent,ENGINEER,HOUSE_WIFE,0
Good,male,General,NO,ONE,CBSE,AHSEC,ENGLISH,Excellent,Excellent,OTHERS,SCHOOL_TEACHER,0
Good,male,General,WA,TWO,SEBA,AHSEC,ASSAMESE,Excellent,Vg,OTHERS,HOUSE_WIFE,0
Good,male,OBC,OA,TWO,CBSE,CBSE,ENGLISH,Vg,Vg,DOCTOR,HOUSE_WIFE,0
Good,male,General,WA,THREE,SEBA,AHSEC,ENGLISH,Excellent,Excellent,OTHERS,HOUSE_WIFE,0
Good,male,OBC,NO,FIVE,SEBA,AHSEC,OTHERS,Good,Average,SCHOOL_TEACHER,HOUSE_WIFE,0
Good,male,General,WA,TWO,CBSE,CBSE,ENGLISH,Excellent,Vg,OTHERS,HOUSE_WIFE,0
Good,male,OBC,OA,TWO,CBSE,CBSE,ENGLISH,Excellent,Excellent,BUSINESS,OTHERS,0
Good,male,OBC,NO,ONE,CBSE,CBSE,ENGLISH,Excellent,Excellent,OTHERS,HOUSE_WIFE,0
Good,female,OBC,WA,SEVEN,CBSE,CBSE,ENGLISH,Excellent,Good,OTHERS,HOUSE_WIFE,0
Good,male,SC,WA,TWO,SEBA,AHSEC,ENGLISH,Excellent,Excellent,DOCTOR,HOUSE_WIFE,0
Good,female,SC,WA,TWO,CBSE,CBSE,ENGLISH,Excellent,Excellent,OTHERS,HOUSE_WIFE,0
Good,female,OBC,WA,ONE,SEBA,AHSEC,ENGLISH,Vg,Excellent,DOCTOR,HOUSE_WIFE,0
Good,female,OBC,WA,ONE,SEBA,AHSEC,OTHERS,Excellent,Excellent,BUSINESS,HOUSE_WIFE,0
Good,male,General,WA,TWO,CBSE,CBSE,ENGLISH,Excellent,Vg,OTHERS,OTHERS,0
Good,female,OBC,WA,THREE,SEBA,AHSEC,ENGLISH,Excellent,Excellent,OTHERS,OTHERS,0
Good,male,OBC,WA,TWO,SEBA,AHSEC,ASSAMESE,Excellent,Vg,SCHOOL_TEACHER,HOUSE_WIFE,0
Good,female,General,WA,TWO,SEBA,AHSEC,ENGLISH,Excellent,Excellent,DOCTOR,HOUSE_WIFE,0
Good,female,General,OA,ONE,CBSE,CBSE,ENGLISH,Excellent,Excellent,SCHOOL_TEACHER,SCHOOL_TEACHER,0
Good,female,General,NO,ONE,SEBA,AHSEC,ENGLISH,Excellent,Excellent,SCHOOL_TEACHER,SCHOOL_TEACHER,0
Good,female,OBC,NO,TWO,SEBA,AHSEC,ENGLISH,Excellent,Vg,BUSINESS,HOUSE_WIFE,0
Good,female,General,NO,ONE,CBSE,CBSE,ENGLISH,Excellent,Excellent,DOCTOR,HOUSE_WIFE,0
Good,male,General,WA,THREE,SEBA,AHSEC,OTHERS,Vg,Good,SCHOOL_TEACHER,HOUSE_WIFE,0
Good,female,OBC,WA,TWO,CBSE,CBSE,ENGLISH,Excellent,Excellent,SCHOOL_TEACHER,OTHERS,0
Good,male,General,WA,TWO,SEBA,AHSEC,ENGLISH,Excellent,Excellent,OTHERS,HOUSE_WIFE,0
Good,male,General,WA,ONE,CBSE,CBSE,ENGLISH,Excellent,Vg,OTHERS,HOUSE_WIFE,0
Good,female,OBC,WA,ONE,CBSE,CBSE,ENGLISH,Excellent,Excellent,OTHERS,OTHERS,0
Good,male,General,WA,TWO,CBSE,CBSE,ENGLISH,Excellent,Excellent,BUSINESS,HOUSE_WIFE,0
Good,male,General,WA,ONE,SEBA,AHSEC,ENGLISH,Excellent,Excellent,DOCTOR,HOUSE_WIFE,0
Good,male,General,WA,ONE,SEBA,AHSEC,ENGLISH,Excellent,Excellent,SCHOOL_TEACHER,HOUSE_WIFE,0
Good,female,OBC,WA,TWO,CBSE,CBSE,ENGLISH,Excellent,Vg,OTHERS,HOUSE_WIFE,0
Good,female,OBC,WA,THREE,SEBA,AHSEC,OTHERS,Good,Good,BUSINESS,HOUSE_WIFE,0
Good,male,General,WA,TWO,CBSE,CBSE,ENGLISH,Excellent,Excellent,OTHERS,HOUSE_WIFE,0
Good,female,OBC,WA,FOUR,SEBA,AHSEC,ENGLISH,Vg,Good,BUSINESS,HOUSE_WIFE,0
Good,female,OBC,OA,TWO,SEBA,AHSEC,ENGLISH,Excellent,Excellent,SCHOOL_TEACHER,SCHOOL_TEACHER,0
Good,female,OBC,WA,TWO,CBSE,CBSE,ENGLISH,Excellent,Excellent,DOCTOR,OTHERS,0
Good,male,General,WA,TWO,SEBA,AHSEC,OTHERS,Excellent,Excellent,OTHERS,SCHOOL_TEACHER,0
Good,male,General,WA,TWO,SEBA,AHSEC,OTHERS,Excellent,Vg,OTHERS,OTHERS,0
Good,female,OBC,NO,ONE,SEBA,AHSEC,ENGLISH,Excellent,Excellent,OTHERS,HOUSE_WIFE,0
Good,male,General,WA,ONE,SEBA,AHSEC,ENGLISH,Excellent,Excellent,SCHOOL_TEACHER,SCHOOL_TEACHER,0
Good,male,OBC,OA,TWO,SEBA,AHSEC,ENGLISH,Excellent,Excellent,DOCTOR,HOUSE_WIFE,0
Good,male,OBC,NO,THREE,SEBA,AHSEC,ENGLISH,Excellent,Vg,OTHERS,HOUSE_WIFE,0
Good,female,General,WA,THREE,SEBA,AHSEC,ASSAMESE,Excellent,Vg,DOCTOR,OTHERS,0
Good,female,General,WA,ONE,SEBA,CBSE,ENGLISH,Excellent,Excellent,BUSINESS,HOUSE_WIFE,0
Good,male,General,NO,ONE,SEBA,AHSEC,OTHERS,Excellent,Excellent,CULTIVATOR,HOUSE_WIFE,0
Good,female,General,WA,TWO,CBSE,CBSE,ENGLISH,Excellent,Excellent,DOCTOR,OTHERS,0
Good,male,General,WA,ONE,SEBA,AHSEC,ENGLISH,Excellent,Excellent,OTHERS,HOUSE_WIFE,0
Good,female,General,NO,TWO,CBSE,CBSE,ENGLISH,Excellent,Vg,OTHERS,HOUSE_WIFE,0
Good,female,SC,NO,THREE,SEBA,AHSEC,ENGLISH,Excellent,Excellent,BUSINESS,HOUSE_WIFE,0
Good,female,General,WA,TWO,SEBA,AHSEC,ENGLISH,Excellent,Excellent,OTHERS,OTHERS,0
Good,female,General,WA,ONE,CBSE,CBSE,ENGLISH,Excellent,Good,BUSINESS,HOUSE_WIFE,0
Good,male,General,WA,TWO,SEBA,AHSEC,ENGLISH,Vg,Vg,SCHOOL_TEACHER,SCHOOL_TEACHER,0
Good,male,General,NO,ONE,SEBA,AHSEC,OTHERS,Excellent,Excellent,SCHOOL_TEACHER,HOUSE_WIFE,0
Good,male,OBC,WA,TWO,CBSE,CBSE,ENGLISH,Excellent,Excellent,OTHERS,HOUSE_WIFE,0
Good,male,General,WA,TWO,SEBA,AHSEC,ENGLISH,Excellent,Vg,OTHERS,HOUSE_WIFE,0
Good,male,General,NO,TWO,SEBA,AHSEC,OTHERS,Good,Good,SCHOOL_TEACHER,HOUSE_WIFE,0
Good,female,OBC,WA,ONE,SEBA,AHSEC,ASSAMESE,Excellent,Excellent,OTHERS,SCHOOL_TEACHER,0
Good,male,SC,NO,ONE,CBSE,CBSE,ENGLISH,Excellent,Excellent,BUSINESS,HOUSE_WIFE,0
Good,male,General,WA,TWO,SEBA,AHSEC,ENGLISH,Vg,Vg,BUSINESS,HOUSE_WIFE,0
Good,male,OBC,WA,TWO,CBSE,CBSE,ENGLISH,Vg,Good,BUSINESS,HOUSE_WIFE,0
Good,male,General,NO,TWO,SEBA,AHSEC,ENGLISH,Vg,Vg,OTHERS,HOUSE_WIFE,0
Good,male,General,WA,TWO,CBSE,CBSE,ENGLISH,Excellent,Excellent,SCHOOL_TEACHER,SCHOOL_TEACHER,0
Good,male,General,WA,TWO,SEBA,AHSEC,OTHERS,Vg,Vg,SCHOOL_TEACHER,HOUSE_WIFE,0
Good,female,ST,WA,ONE,SEBA,AHSEC,OTHERS,Excellent,Excellent,SCHOOL_TEACHER,SCHOOL_TEACHER,0
Good,female,General,NO,ONE,SEBA,AHSEC,ENGLISH,Excellent,Excellent,OTHERS,SCHOOL_TEACHER,0
Good,female,OBC,NO,ONE,SEBA,AHSEC,ENGLISH,Excellent,Excellent,OTHERS,OTHERS,0
Good,male,SC,NO,THREE,CBSE,CBSE,ENGLISH,Excellent,Vg,OTHERS,HOUSE_WIFE,0
Good,male,OBC,WA,TWO,SEBA,AHSEC,ASSAMESE,Excellent,Vg,OTHERS,HOUSE_WIFE,0
Good,female,OBC,WA,TWO,SEBA,AHSEC,ENGLISH,Excellent,Vg,OTHERS,HOUSE_WIFE,0
Good,male,General,OA,TWO,CBSE,CBSE,ENGLISH,Excellent,Excellent,OTHERS,SCHOOL_TEACHER,0
Good,male,General,NO,TWO,CBSE,CBSE,ENGLISH,Excellent,Excellent,OTHERS,HOUSE_WIFE,0
Good,male,General,WA,TWO,CBSE,CBSE,ENGLISH,Excellent,Vg,BUSINESS,HOUSE_WIFE,0
Good,male,SC,WA,TWO,CBSE,CBSE,ENGLISH,Excellent,Excellent,CULTIVATOR,HOUSE_WIFE,0
Good,male,General,OA,ONE,CBSE,CBSE,ENGLISH,Excellent,Excellent,DOCTOR,SCHOOL_TEACHER,0
Good,male,General,NO,ONE,CBSE,CBSE,ENGLISH,Excellent,Excellent,DOCTOR,HOUSE_WIFE,0
Good,male,General,NO,TWO,SEBA,AHSEC,OTHERS,Vg,Vg,BUSINESS,HOUSE_WIFE,0
Good,male,General,WA,FOUR,SEBA,AHSEC,OTHERS,Vg,Good,SCHOOL_TEACHER,HOUSE_WIFE,0
Good,female,SC,WA,TWO,SEBA,AHSEC,ENGLISH,Excellent,Excellent,OTHERS,HOUSE_WIFE,0
Good,female,General,WA,TWO,CBSE,CBSE,ENGLISH,Excellent,Vg,OTHERS,OTHERS,0
Good,female,General,WA,TWO,SEBA,CBSE,ENGLISH,Excellent,Excellent,OTHERS,HOUSE_WIFE,0
Good,female,OBC,WA,TWO,SEBA,AHSEC,ENGLISH,Excellent,Excellent,OTHERS,OTHERS,0
Good,male,General,WA,TWO,CBSE,CBSE,ENGLISH,Excellent,Excellent,BUSINESS,OTHERS,0
Good,female,General,NO,ONE,SEBA,CBSE,ENGLISH,Excellent,Excellent,SCHOOL_TEACHER,SCHOOL_TEACHER,0
Good,male,General,NO,ONE,CBSE,CBSE,ENGLISH,Excellent,Vg,BUSINESS,HOUSE_WIFE,0
Good,male,General,NO,ONE,SEBA,CBSE,ENGLISH,Excellent,Excellent,BUSINESS,HOUSE_WIFE,0
Good,female,SC,WA,ONE,OTHERS,CBSE,ENGLISH,Excellent,Excellent,DOCTOR,HOUSE_WIFE,0
Good,female,OBC,WA,ONE,SEBA,AHSEC,ENGLISH,Excellent,Excellent,DOCTOR,HOUSE_WIFE,0
Good,female,General,NO,TWO,SEBA,CBSE,ENGLISH,Excellent,Vg,BUSINESS,HOUSE_WIFE,0
Good,female,OBC,WA,TWO,SEBA,AHSEC,ENGLISH,Excellent,Vg,DOCTOR,SCHOOL_TEACHER,0
Good,male,General,WA,THREE,CBSE,CBSE,ENGLISH,Vg,Good,OTHERS,HOUSE_WIFE,0
Good,male,General,WA,THREE,SEBA,AHSEC,OTHERS,Vg,Vg,CULTIVATOR,HOUSE_WIFE,0
Good,male,OBC,WA,TWO,SEBA,AHSEC,ASSAMESE,Excellent,Excellent,SCHOOL_TEACHER,SCHOOL_TEACHER,0
Good,female,General,WA,ONE,OTHERS,CBSE,ENGLISH,Excellent,Excellent,BUSINESS,HOUSE_WIFE,0
Good,male,General,WA,THREE,SEBA,AHSEC,OTHERS,Vg,Vg,SCHOOL_TEACHER,HOUSE_WIFE,0
Good,female,General,NO,THREE,CBSE,CBSE,ENGLISH,Excellent,Good,BUSINESS,OTHERS,0
Good,female,General,WA,TWO,CBSE,CBSE,ENGLISH,Excellent,Excellent,BUSINESS,SCHOOL_TEACHER,0
Good,male,General,OA,TWO,CBSE,CBSE,ENGLISH,Excellent,Vg,SCHOOL_TEACHER,HOUSE_WIFE,0
Good,female,ST,NO,ONE,SEBA,AHSEC,OTHERS,Excellent,Excellent,OTHERS,HOUSE_WIFE,0
Good,female,OBC,OA,ONE,OTHERS,CBSE,ENGLISH,Excellent,Excellent,BUSINESS,HOUSE_WIFE,0
Good,female,General,WA,TWO,CBSE,CBSE,ENGLISH,Excellent,Excellent,OTHERS,OTHERS,0
Good,male,General,WA,TWO,SEBA,AHSEC,ASSAMESE,Excellent,Excellent,DOCTOR,SCHOOL_TEACHER,0
Good,female,General,WA,TWO,CBSE,CBSE,ENGLISH,Excellent,Excellent,OTHERS,HOUSE_WIFE,0
Good,female,SC,NO,ONE,SEBA,AHSEC,ENGLISH,Excellent,Excellent,SCHOOL_TEACHER,SCHOOL_TEACHER,0
Good,female,General,WA,ONE,SEBA,AHSEC,OTHERS,Excellent,Excellent,OTHERS,HOUSE_WIFE,0
Good,male,General,WA,THREE,SEBA,AHSEC,ENGLISH,Excellent,Vg,SCHOOL_TEACHER,SCHOOL_TEACHER,0
Good,male,OBC,NO,TWO,SEBA,AHSEC,ENGLISH,Good,Vg,OTHERS,OTHERS,0
Good,male,General,WA,TWO,SEBA,AHSEC,OTHERS,Vg,Excellent,SCHOOL_TEACHER,HOUSE_WIFE,0
Good,male,General,WA,THREE,CBSE,CBSE,ENGLISH,Good,Good,SCHOOL_TEACHER,HOUSE_WIFE,0
Good,male,SC,WA,TWO,SEBA,AHSEC,ASSAMESE,Excellent,Vg,SCHOOL_TEACHER,HOUSE_WIFE,0
Good,male,General,WA,TWO,SEBA,AHSEC,OTHERS,Good,Vg,SCHOOL_TEACHER,OTHERS,0
Good,female,General,WA,ONE,SEBA,AHSEC,ENGLISH,Excellent,Excellent,BUSINESS,HOUSE_WIFE,0
Good,male,General,OA,TWO,CBSE,CBSE,ENGLISH,Excellent,Excellent,CULTIVATOR,HOUSE_WIFE,0
Good,male,General,WA,TWO,SEBA,AHSEC,OTHERS,Vg,Excellent,OTHERS,SCHOOL_TEACHER,0
Good,male,General,WA,TWO,CBSE,AHSEC,ENGLISH,Excellent,Excellent,SCHOOL_TEACHER,SCHOOL_TEACHER,0
Good,female,OBC,NO,ONE,CBSE,CBSE,ENGLISH,Excellent,Vg,OTHERS,OTHERS,0
Good,female,OBC,WA,TWO,SEBA,AHSEC,ASSAMESE,Excellent,Excellent,DOCTOR,HOUSE_WIFE,0
Good,male,General,NO,ONE,CBSE,CBSE,ENGLISH,Excellent,Excellent,OTHERS,OTHERS,0
Good,male,SC,WA,ONE,SEBA,AHSEC,OTHERS,Excellent,Excellent,OTHERS,HOUSE_WIFE,0
Good,male,General,WA,TWO,SEBA,AHSEC,OTHERS,Vg,Vg,OTHERS,HOUSE_WIFE,0
Good,male,General,WA,ONE,CBSE,CBSE,ENGLISH,Excellent,Excellent,OTHERS,HOUSE_WIFE,0
Good,male,OBC,NO,TWO,SEBA,AHSEC,OTHERS,Average,Good,OTHERS,HOUSE_WIFE,0
Good,female,OBC,WA,TWO,SEBA,AHSEC,ENGLISH,Vg,Vg,DOCTOR,HOUSE_WIFE,0
Good,male,OBC,WA,THREE,SEBA,AHSEC,ASSAMESE,Good,Average,OTHERS,HOUSE_WIFE,0
Good,male,OBC,WA,THREE,CBSE,CBSE,ENGLISH,Excellent,Vg,OTHERS,SCHOOL_TEACHER,0
Good,male,OBC,WA,TWO,CBSE,CBSE,ENGLISH,Excellent,Excellent,BUSINESS,HOUSE_WIFE,0
Good,male,OBC,NO,THREE,CBSE,AHSEC,ASSAMESE,Vg,Good,SCHOOL_TEACHER,HOUSE_WIFE,0
Good,female,OBC,WA,TWO,SEBA,CBSE,ENGLISH,Excellent,Vg,OTHERS,OTHERS,0
Good,male,OBC,NO,ONE,SEBA,CBSE,ENGLISH,Excellent,Excellent,BUSINESS,HOUSE_WIFE,0
Good,female,OBC,WA,FOUR,SEBA,AHSEC,ASSAMESE,Excellent,Vg,BUSINESS,OTHERS,0
Good,female,OBC,WA,FOUR,SEBA,AHSEC,ENGLISH,Vg,Vg,BUSINESS,HOUSE_WIFE,0
Good,female,OBC,WA,THREE,SEBA,AHSEC,ENGLISH,Excellent,Vg,OTHERS,HOUSE_WIFE,0
Good,female,OBC,WA,TWO,SEBA,AHSEC,ASSAMESE,Excellent,Excellent,CULTIVATOR,SCHOOL_TEACHER,0
Good,female,OBC,WA,THREE,SEBA,AHSEC,ASSAMESE,Excellent,Vg,OTHERS,SCHOOL_TEACHER,0
Good,male,OBC,WA,ONE,SEBA,AHSEC,ENGLISH,Excellent,Good,SCHOOL_TEACHER,SCHOOL_TEACHER,0
Good,male,OBC,NO,ONE,SEBA,AHSEC,ENGLISH,Excellent,Excellent,DOCTOR,OTHERS,0
Good,male,OBC,WA,THREE,CBSE,CBSE,ENGLISH,Good,Excellent,OTHERS,HOUSE_WIFE,0
Good,female,OBC,WA,ONE,SEBA,AHSEC,ENGLISH,Excellent,Excellent,OTHERS,SCHOOL_TEACHER,0
Good,female,OBC,NO,ONE,SEBA,AHSEC,ENGLISH,Excellent,Excellent,SCHOOL_TEACHER,HOUSE_WIFE,0
Good,female,OBC,OA,TWO,SEBA,AHSEC,ENGLISH,Excellent,Excellent,OTHERS,HOUSE_WIFE,0
Good,female,OBC,WA,TWO,SEBA,AHSEC,ENGLISH,Excellent,Excellent,DOCTOR,HOUSE_WIFE,0
Good,female,OBC,WA,TWO,CBSE,CBSE,ENGLISH,Excellent,Excellent,DOCTOR,HOUSE_WIFE,0
Good,female,OBC,WA,ONE,SEBA,AHSEC,ENGLISH,Vg,Excellent,BUSINESS,HOUSE_WIFE,0
Good,male,OBC,WA,THREE,CBSE,CBSE,ENGLISH,Excellent,Vg,BUSINESS,HOUSE_WIFE,0
Average,female,OBC,WA,TWO,SEBA,AHSEC,ASSAMESE,Excellent,Excellent,SCHOOL_TEACHER,HOUSE_WIFE,0
Average,male,OBC,WA,TWO,SEBA,AHSEC,ENGLISH,Excellent,Excellent,BUSINESS,HOUSE_WIFE,0
Average,female,OBC,WA,ONE,SEBA,CBSE,ENGLISH,Excellent,Excellent,OTHERS,HOUSE_WIFE,0
Average,male,OBC,WA,TWO,SEBA,AHSEC,ENGLISH,Vg,Good,OTHERS,HOUSE_WIFE,0
Average,female,OBC,WA,TWO,SEBA,AHSEC,ASSAMESE,Excellent,Excellent,DOCTOR,HOUSE_WIFE,0
Average,male,OBC,WA,ONE,CBSE,CBSE,ENGLISH,Excellent,Excellent,OTHERS,SCHOOL_TEACHER,0
Average,female,OBC,NO,THREE,SEBA,AHSEC,ASSAMESE,Excellent,Vg,SCHOOL_TEACHER,HOUSE_WIFE,0
Average,male,OBC,WA,TWO,CBSE,CBSE,ENGLISH,Excellent,Excellent,OTHERS,HOUSE_WIFE,0
Average,female,OBC,NO,ONE,SEBA,AHSEC,ENGLISH,Excellent,Excellent,BUSINESS,HOUSE_WIFE,0
Average,male,OBC,WA,THREE,SEBA,AHSEC,ASSAMESE,Vg,Good,BUSINESS,HOUSE_WIFE,0
Average,male,OBC,OA,TWO,CBSE,CBSE,ENGLISH,Excellent,Excellent,DOCTOR,OTHERS,0
Average,female,OBC,WA,TWO,SEBA,AHSEC,ASSAMESE,Excellent,Excellent,OTHERS,HOUSE_WIFE,0
Average,male,OBC,WA,TWO,SEBA,AHSEC,ENGLISH,Vg,Vg,OTHERS,OTHERS,0
Average,female,OBC,WA,TWO,SEBA,AHSEC,ENGLISH,Excellent,Excellent,OTHERS,HOUSE_WIFE,0
Average,female,OBC,NO,TWO,SEBA,AHSEC,ASSAMESE,Vg,Good,OTHERS,HOUSE_WIFE,0
Average,male,OBC,NO,TWO,CBSE,CBSE,ENGLISH,Excellent,Excellent,SCHOOL_TEACHER,HOUSE_WIFE,0
Average,female,OBC,WA,ONE,CBSE,CBSE,ENGLISH,Excellent,Excellent,OTHERS,HOUSE_WIFE,0
Average,male,OBC,WA,TWO,SEBA,AHSEC,ENGLISH,Excellent,Vg,BUSINESS,HOUSE_WIFE,0
Average,male,OBC,NO,TWO,SEBA,AHSEC,ENGLISH,Vg,Vg,OTHERS,HOUSE_WIFE,0
Average,male,OBC,WA,ONE,SEBA,CBSE,ENGLISH,Vg,Vg,BUSINESS,HOUSE_WIFE,0
Average,male,OBC,WA,THREE,CBSE,CBSE,ENGLISH,Excellent,Good,OTHERS,OTHERS,0
Average,male,OBC,NO,FOUR,SEBA,AHSEC,OTHERS,Vg,Average,SCHOOL_TEACHER,HOUSE_WIFE,0
Average,female,OBC,NO,ONE,SEBA,AHSEC,ENGLISH,Excellent,Excellent,OTHERS,SCHOOL_TEACHER,0
Average,male,OBC,WA,TWO,SEBA,AHSEC,ASSAMESE,Excellent,Vg,OTHERS,HOUSE_WIFE,0
Average,male,OBC,NO,TWO,SEBA,AHSEC,ASSAMESE,Excellent,Excellent,BUSINESS,SCHOOL_TEACHER,0
Good,female,SC,WA,THREE,CBSE,CBSE,ENGLISH,Excellent,Excellent,OTHERS,HOUSE_WIFE,0
Good,male,SC,WA,THREE,SEBA,AHSEC,ENGLISH,Vg,Good,SCHOOL_TEACHER,HOUSE_WIFE,0
Good,female,SC,WA,TWO,SEBA,AHSEC,ENGLISH,Excellent,Vg,BUSINESS,HOUSE_WIFE,0
Good,female,SC,NO,TWO,SEBA,AHSEC,OTHERS,Excellent,Excellent,ENGINEER,HOUSE_WIFE,0
Good,female,SC,OA,TWO,SEBA,AHSEC,ENGLISH,Excellent,Vg,OTHERS,HOUSE_WIFE,0
Good,female,SC,WA,THREE,SEBA,AHSEC,ENGLISH,Vg,Vg,OTHERS,HOUSE_WIFE,0
Average,female,SC,NO,TWO,CBSE,CBSE,ENGLISH,Excellent,Excellent,ENGINEER,HOUSE_WIFE,0
Average,female,SC,WA,TWO,CBSE,CBSE,ENGLISH,Excellent,Excellent,OTHERS,HOUSE_WIFE,0
Average,female,SC,WA,THREE,SEBA,AHSEC,ENGLISH,Excellent,Excellent,BUSINESS,HOUSE_WIFE,0
Average,male,SC,WA,ONE,SEBA,AHSEC,ASSAMESE,Good,Good,OTHERS,HOUSE_WIFE,0
Average,female,SC,WA,TWO,SEBA,AHSEC,ENGLISH,Excellent,Excellent,OTHERS,HOUSE_WIFE,0
Average,female,SC,WA,THREE,SEBA,AHSEC,ASSAMESE,Good,Good,SCHOOL_TEACHER,HOUSE_WIFE,0
Average,female,SC,WA,ONE,SEBA,CBSE,ENGLISH,Excellent,Excellent,BUSINESS,HOUSE_WIFE,0
Average,female,SC,WA,THREE,CBSE,CBSE,ENGLISH,Vg,Vg,BANK_OFFICIAL,OTHERS,0
Average,female,SC,NO,ONE,SEBA,AHSEC,ASSAMESE,Excellent,Excellent,OTHERS,HOUSE_WIFE,0
Average,female,SC,NO,TWO,SEBA,AHSEC,ASSAMESE,Average,Good,BUSINESS,HOUSE_WIFE,0
Average,male,SC,NO,ONE,CBSE,CBSE,ENGLISH,Excellent,Excellent,OTHERS,HOUSE_WIFE,0
Average,female,SC,NO,TWO,CBSE,CBSE,ENGLISH,Excellent,Excellent,OTHERS,OTHERS,0
Average,female,SC,WA,TWO,SEBA,AHSEC,ENGLISH,Excellent,Vg,BUSINESS,HOUSE_WIFE,0
Average,male,SC,WA,TWO,CBSE,CBSE,ENGLISH,Excellent,Excellent,OTHERS,HOUSE_WIFE,0
Average,male,SC,WA,TWO,SEBA,AHSEC,ASSAMESE,Vg,Vg,CULTIVATOR,HOUSE_WIFE,0
Average,male,SC,WA,TWO,CBSE,CBSE,ENGLISH,Excellent,Good,SCHOOL_TEACHER,OTHERS,0
Average,male,SC,WA,TWO,SEBA,AHSEC,ENGLISH,Excellent,Excellent,BUSINESS,SCHOOL_TEACHER,0
Average,female,SC,WA,TWO,SEBA,AHSEC,ENGLISH,Excellent,Vg,OTHERS,HOUSE_WIFE,0
Average,male,SC,NO,ONE,SEBA,CBSE,ENGLISH,Excellent,Excellent,BUSINESS,HOUSE_WIFE,0
Average,female,SC,WA,TWO,SEBA,AHSEC,OTHERS,Excellent,Vg,SCHOOL_TEACHER,HOUSE_WIFE,0
Average,male,SC,NO,ONE,SEBA,AHSEC,ENGLISH,Excellent,Excellent,OTHERS,OTHERS,0
Average,male,SC,NO,TWO,SEBA,AHSEC,ENGLISH,Vg,Vg,OTHERS,HOUSE_WIFE,0
Average,female,SC,NO,TWO,SEBA,CBSE,ENGLISH,Vg,Vg,DOCTOR,SCHOOL_TEACHER,0
Average,female,SC,WA,THREE,SEBA,AHSEC,OTHERS,Good,Good,SCHOOL_TEACHER,OTHERS,0
Average,female,SC,WA,TWO,SEBA,CBSE,ENGLISH,Vg,Excellent,OTHERS,HOUSE_WIFE,0
Average,female,SC,WA,TWO,SEBA,AHSEC,ENGLISH,Excellent,Vg,OTHERS,OTHERS,0
Average,male,SC,WA,TWO,SEBA,AHSEC,ENGLISH,Excellent,Vg,OTHERS,SCHOOL_TEACHER,0
Average,male,SC,WA,TWO,SEBA,AHSEC,ASSAMESE,Excellent,Vg,SCHOOL_TEACHER,HOUSE_WIFE,0
Average,female,SC,WA,ONE,CBSE,CBSE,ENGLISH,Excellent,Excellent,ENGINEER,HOUSE_WIFE,0
Average,male,SC,NO,ONE,SEBA,AHSEC,ENGLISH,Excellent,Excellent,BUSINESS,HOUSE_WIFE,0
Average,male,SC,WA,TWO,SEBA,AHSEC,ASSAMESE,Excellent,Excellent,ENGINEER,HOUSE_WIFE,0
Good,male,ST,WA,TWO,SEBA,AHSEC,ASSAMESE,Excellent,Excellent,SCHOOL_TEACHER,SCHOOL_TEACHER,0
Good,female,ST,WA,TWO,CBSE,CBSE,ENGLISH,Excellent,Vg,BUSINESS,HOUSE_WIFE,0
Good,female,ST,WA,TWO,SEBA,AHSEC,ENGLISH,Vg,Vg,BANK_OFFICIAL,HOUSE_WIFE,0
Average,female,ST,WA,TWO,SEBA,CBSE,ENGLISH,Vg,Vg,BUSINESS,HOUSE_WIFE,0
Average,male,ST,OA,TWO,CBSE,CBSE,ENGLISH,Excellent,Excellent,OTHERS,SCHOOL_TEACHER,0
Average,male,ST,NO,ONE,CBSE,CBSE,ENGLISH,Excellent,Excellent,SCHOOL_TEACHER,SCHOOL_TEACHER,0
Average,male,ST,NO,THREE,SEBA,AHSEC,ENGLISH,Vg,Vg,SCHOOL_TEACHER,SCHOOL_TEACHER,0
Average,male,ST,WA,TWO,CBSE,CBSE,ENGLISH,Excellent,Vg,OTHERS,HOUSE_WIFE,0
Average,female,ST,WA,ONE,CBSE,CBSE,ENGLISH,Excellent,Vg,OTHERS,SCHOOL_TEACHER,0
Average,female,ST,WA,TWO,SEBA,CBSE,ENGLISH,Excellent,Excellent,DOCTOR,COLLEGE_TEACHER,0
Average,female,ST,WA,ONE,SEBA,AHSEC,ENGLISH,Excellent,Excellent,OTHERS,HOUSE_WIFE,0
Average,female,ST,WA,TWO,CBSE,CBSE,ENGLISH,Excellent,Excellent,OTHERS,HOUSE_WIFE,0
Average,male,ST,WA,ONE,SEBA,AHSEC,ENGLISH,Good,Good,ENGINEER,SCHOOL_TEACHER,0
Average,male,ST,WA,ONE,SEBA,CBSE,ENGLISH,Excellent,Excellent,OTHERS,HOUSE_WIFE,0
Average,female,ST,WA,TWO,SEBA,AHSEC,ENGLISH,Excellent,Vg,SCHOOL_TEACHER,HOUSE_WIFE,0
Average,male,ST,NO,ONE,CBSE,CBSE,ENGLISH,Excellent,Excellent,CULTIVATOR,HOUSE_WIFE,0
Average,female,ST,WA,TWO,SEBA,AHSEC,ENGLISH,Vg,Vg,BANK_OFFICIAL,HOUSE_WIFE,0
Average,male,ST,WA,TWO,CBSE,CBSE,ENGLISH,Excellent,Vg,CULTIVATOR,HOUSE_WIFE,0
Average,female,ST,WA,THREE,CBSE,CBSE,ENGLISH,Excellent,Good,ENGINEER,BUSINESS,0
Average,male,ST,WA,TWO,SEBA,AHSEC,ENGLISH,Excellent,Excellent,OTHERS,HOUSE_WIFE,0
Average,male,ST,OA,TWO,CBSE,CBSE,ENGLISH,Excellent,Vg,BUSINESS,SCHOOL_TEACHER,0
Average,female,ST,WA,TWO,SEBA,AHSEC,ENGLISH,Vg,Vg,DOCTOR,HOUSE_WIFE,0
Average,female,ST,WA,TWO,CBSE,CBSE,ENGLISH,Vg,Vg,OTHERS,HOUSE_WIFE,0
Average,female,ST,WA,TWO,SEBA,AHSEC,ENGLISH,Excellent,Excellent,SCHOOL_TEACHER,HOUSE_WIFE,0
Average,male,ST,WA,TWO,CBSE,CBSE,ENGLISH,Excellent,Good,OTHERS,HOUSE_WIFE,0
Average,female,ST,WA,TWO,OTHERS,OTHERS,ENGLISH,Excellent,Excellent,DOCTOR,COLLEGE_TEACHER,0
Average,female,ST,WA,TWO,SEBA,AHSEC,ASSAMESE,Excellent,Vg,OTHERS,OTHERS,0
Average,male,ST,OA,ONE,CBSE,CBSE,ENGLISH,Excellent,Excellent,OTHERS,HOUSE_WIFE,0
Average,female,ST,NO,TWO,CBSE,CBSE,ENGLISH,Excellent,Excellent,BANK_OFFICIAL,HOUSE_WIFE,0
Average,male,ST,WA,TWO,SEBA,AHSEC,ASSAMESE,Excellent,Vg,BANK_OFFICIAL,HOUSE_WIFE,0
Average,female,ST,WA,ONE,SEBA,AHSEC,OTHERS,Average,Vg,OTHERS,HOUSE_WIFE,0
Average,male,ST,NO,ONE,SEBA,AHSEC,ENGLISH,Excellent,Excellent,OTHERS,OTHERS,0
Average,female,ST,WA,TWO,CBSE,CBSE,ENGLISH,Excellent,Good,ENGINEER,HOUSE_WIFE,0
Average,male,ST,WA,TWO,CBSE,CBSE,ENGLISH,Excellent,Excellent,CULTIVATOR,HOUSE_WIFE,0
Average,male,ST,WA,TWO,SEBA,AHSEC,ASSAMESE,Excellent,Excellent,CULTIVATOR,HOUSE_WIFE,0
Average,female,ST,WA,THREE,SEBA,AHSEC,ENGLISH,Vg,Average,OTHERS,HOUSE_WIFE,0
Average,male,ST,NO,TWO,CBSE,CBSE,ENGLISH,Vg,Good,CULTIVATOR,HOUSE_WIFE,0
Average,male,ST,WA,ONE,SEBA,AHSEC,ENGLISH,Average,Good,OTHERS,HOUSE_WIFE,0
Average,female,ST,OA,TWO,CBSE,CBSE,ENGLISH,Excellent,Vg,OTHERS,HOUSE_WIFE,0
Average,female,ST,WA,THREE,CBSE,CBSE,ENGLISH,Excellent,Vg,BANK_OFFICIAL,HOUSE_WIFE,0
Average,female,ST,WA,TWO,SEBA,AHSEC,ASSAMESE,Excellent,Excellent,SCHOOL_TEACHER,SCHOOL_TEACHER,0
Average,male,ST,OA,THREE,CBSE,CBSE,ENGLISH,Vg,Excellent,OTHERS,HOUSE_WIFE,0
Average,female,ST,WA,TWO,SEBA,AHSEC,ENGLISH,Excellent,Vg,OTHERS,HOUSE_WIFE,0
Average,female,ST,WA,TWO,SEBA,AHSEC,ENGLISH,Excellent,Vg,COLLEGE_TEACHER,HOUSE_WIFE,0
Average,female,ST,WA,TWO,SEBA,AHSEC,ENGLISH,Excellent,Good,SCHOOL_TEACHER,HOUSE_WIFE,0
Average,male,ST,WA,TWO,CBSE,CBSE,ENGLISH,Excellent,Vg,SCHOOL_TEACHER,HOUSE_WIFE,0
Average,male,ST,NO,ONE,SEBA,AHSEC,ENGLISH,Average,Average,OTHERS,HOUSE_WIFE,0
Average,male,ST,NO,THREE,CBSE,CBSE,ENGLISH,Excellent,Good,OTHERS,HOUSE_WIFE,0
Average,male,ST,NO,ONE,SEBA,AHSEC,ASSAMESE,Vg,Good,CULTIVATOR,HOUSE_WIFE,0
Average,female,ST,WA,TWO,SEBA,AHSEC,ENGLISH,Vg,Vg,OTHERS,HOUSE_WIFE,0
Average,male,ST,NO,ONE,SEBA,AHSEC,ENGLISH,Good,Vg,OTHERS,HOUSE_WIFE,0
Average,male,ST,WA,TWO,SEBA,AHSEC,ENGLISH,Vg,Vg,SCHOOL_TEACHER,HOUSE_WIFE,0
Average,male,ST,WA,TWO,SEBA,AHSEC,ENGLISH,Excellent,Good,OTHERS,HOUSE_WIFE,0
Average,male,ST,NO,ONE,CBSE,CBSE,ENGLISH,Excellent,Excellent,SCHOOL_TEACHER,HOUSE_WIFE,0
Average,female,ST,WA,ONE,CBSE,CBSE,ENGLISH,Excellent,Excellent,ENGINEER,OTHERS,0
Average,male,ST,NO,THREE,CBSE,CBSE,ENGLISH,Excellent,Excellent,OTHERS,HOUSE_WIFE,0
Average,female,ST,WA,TWO,SEBA,AHSEC,ENGLISH,Excellent,Vg,CULTIVATOR,OTHERS,0
Average,female,ST,WA,TWO,CBSE,CBSE,ENGLISH,Excellent,Vg,ENGINEER,HOUSE_WIFE,0
Average,female,ST,WA,TWO,CBSE,CBSE,ENGLISH,Excellent,Good,OTHERS,HOUSE_WIFE,0
Average,male,ST,WA,TWO,CBSE,CBSE,ENGLISH,Vg,Vg,OTHERS,HOUSE_WIFE,0
Average,male,ST,OA,TWO,CBSE,CBSE,ENGLISH,Excellent,Vg,CULTIVATOR,HOUSE_WIFE,0
Average,female,ST,WA,ONE,SEBA,AHSEC,ENGLISH,Excellent,Excellent,SCHOOL_TEACHER,SCHOOL_TEACHER,0
Average,male,ST,NO,TWO,SEBA,AHSEC,ENGLISH,Average,Good,BUSINESS,HOUSE_WIFE,0
Average,male,ST,NO,ONE,SEBA,AHSEC,ASSAMESE,Average,Average,CULTIVATOR,HOUSE_WIFE,0
Average,male,ST,NO,ONE,SEBA,AHSEC,ENGLISH,Excellent,Excellent,DOCTOR,HOUSE_WIFE,0
Average,male,ST,OA,ONE,CBSE,CBSE,ENGLISH,Vg,Excellent,SCHOOL_TEACHER,OTHERS,0
Average,male,ST,WA,ONE,CBSE,CBSE,ENGLISH,Excellent,Vg,ENGINEER,HOUSE_WIFE,0
Average,male,ST,WA,TWO,SEBA,AHSEC,ENGLISH,Good,Good,OTHERS,HOUSE_WIFE,0
Average,male,ST,WA,ONE,SEBA,AHSEC,ENGLISH,Excellent,Excellent,OTHERS,OTHERS,0
Average,female,ST,NO,ONE,CBSE,CBSE,ENGLISH,Excellent,Excellent,OTHERS,DOCTOR,0
Average,female,ST,WA,TWO,SEBA,AHSEC,ENGLISH,Excellent,Vg,OTHERS,SCHOOL_TEACHER,0
Average,male,ST,WA,TWO,CBSE,AHSEC,ENGLISH,Good,Good,OTHERS,SCHOOL_TEACHER,0
Average,female,ST,WA,ONE,SEBA,AHSEC,ENGLISH,Vg,Good,ENGINEER,HOUSE_WIFE,0
Average,male,ST,WA,TWO,SEBA,AHSEC,ENGLISH,Vg,Vg,OTHERS,HOUSE_WIFE,0
Average,male,ST,NO,THREE,SEBA,AHSEC,ENGLISH,Good,Average,CULTIVATOR,HOUSE_WIFE,0
Average,female,ST,WA,TWO,OTHERS,OTHERS,ENGLISH,Vg,Vg,SCHOOL_TEACHER,HOUSE_WIFE,0
Average,female,ST,WA,ONE,SEBA,AHSEC,ENGLISH,Vg,Vg,OTHERS,SCHOOL_TEACHER,0
Average,male,ST,WA,THREE,CBSE,CBSE,ENGLISH,Vg,Vg,BANK_OFFICIAL,HOUSE_WIFE,0
Average,female,ST,WA,ONE,SEBA,AHSEC,ENGLISH,Vg,Vg,BUSINESS,DOCTOR,0
Average,female,ST,WA,FOUR,SEBA,AHSEC,ASSAMESE,Vg,Good,CULTIVATOR,HOUSE_WIFE,0
Average,male,ST,NO,ONE,SEBA,AHSEC,ENGLISH,Average,Good,BUSINESS,OTHERS,0
Average,male,ST,WA,TWO,SEBA,AHSEC,ENGLISH,Good,Good,OTHERS,SCHOOL_TEACHER,0
Average,male,ST,WA,TWO,SEBA,AHSEC,ENGLISH,Vg,Good,OTHERS,HOUSE_WIFE,0
Average,female,ST,WA,THREE,SEBA,AHSEC,ENGLISH,Good,Good,SCHOOL_TEACHER,HOUSE_WIFE,0
Average,male,ST,WA,THREE,SEBA,AHSEC,ENGLISH,Good,Good,SCHOOL_TEACHER,HOUSE_WIFE,0
Average,female,ST,OA,THREE,OTHERS,OTHERS,ENGLISH,Good,Good,CULTIVATOR,HOUSE_WIFE,0
Average,female,ST,WA,TWO,SEBA,AHSEC,ENGLISH,Good,Good,OTHERS,HOUSE_WIFE,0
Average,female,ST,NO,THREE,SEBA,AHSEC,ENGLISH,Average,Average,SCHOOL_TEACHER,HOUSE_WIFE,0
Average,male,ST,WA,ONE,CBSE,CBSE,ENGLISH,Excellent,Excellent,OTHERS,SCHOOL_TEACHER,0
Average,female,ST,WA,TWO,SEBA,AHSEC,ENGLISH,Vg,Vg,OTHERS,OTHERS,0
Average,male,ST,NO,ONE,SEBA,AHSEC,ENGLISH,Vg,Vg,CULTIVATOR,OTHERS,0
Average,female,ST,WA,TWO,CBSE,AHSEC,ENGLISH,Excellent,Good,BUSINESS,HOUSE_WIFE,0
Average,female,ST,WA,TWO,SEBA,AHSEC,ENGLISH,Excellent,Vg,OTHERS,OTHERS,0
Average,female,ST,NO,ONE,SEBA,AHSEC,ENGLISH,Vg,Good,BUSINESS,SCHOOL_TEACHER,0
Average,female,ST,WA,TWO,SEBA,CBSE,ENGLISH,Good,Vg,DOCTOR,SCHOOL_TEACHER,0
Average,female,ST,WA,ONE,SEBA,AHSEC,ENGLISH,Good,Vg,OTHERS,HOUSE_WIFE,0
Average,male,ST,WA,THREE,SEBA,AHSEC,ENGLISH,Vg,Good,CULTIVATOR,HOUSE_WIFE,0
Average,male,ST,WA,TWO,SEBA,CBSE,ENGLISH,Good,Vg,OTHERS,SCHOOL_TEACHER,0
Average,female,ST,NO,ONE,SEBA,CBSE,ENGLISH,Vg,Good,BUSINESS,OTHERS,0
